0,1,2,3,4,5,6,7,8,9,10,11,12,label
-611.11224,3.3611066,-10.569122,-2.6298795,-1.839885,-1.4418662,0.55768174,1.2280614,0.42046773,-0.28251526,-0.7300878,-0.574492,0.3204107,0
-178.57544,-23.35636,-43.29359,-12.315986,-50.7178,-31.017653,-18.992596,-27.68683,-29.71467,-10.842847,-30.588375,-8.348098,-20.360905,0
27.927452,48.424305,-4.915884,9.615715,-10.180056,17.211342,-3.9197438,15.421278,-12.004651,4.508632,7.2706666,12.323922,13.484417,0
28.292906,48.265835,-4.623915,10.02891,-6.881641,17.853224,-3.3436465,13.295334,-10.931133,6.221381,7.1181755,12.238092,13.345336,0
-405.01935,120.540054,42.17281,24.357203,-1.5311261,1.1127105,-10.197308,8.946633,-16.086634,-6.362717,-5.3868303,-8.221703,-5.1433697,0
-379.64536,135.5524,36.959415,11.777807,-7.5448728,2.615458,-9.539262,8.727461,-14.861574,-4.003348,-4.0334506,-9.411888,-4.3459926,0
-410.346,100.81187,11.049348,20.1083,-1.1716412,-2.8941498,3.54634,4.2368617,-3.3007634,-1.2631698,-1.3194618,-2.4123456,-1.9981551,0
-482.0255,9.020902,9.813324,14.467559,2.9744084,19.936775,16.371319,3.095657,1.4309679,7.1595902,1.9638197,8.545073,4.4031997,0
-100.450356,78.995445,9.115156,14.6892805,25.980278,30.754416,2.4616716,9.199876,6.381197,13.691271,-0.31723684,11.174571,-4.4759665,0
-555.0067,38.688457,1.8651416,4.170608,4.5119014,3.4776378,4.167614,1.1762953,2.2365594,2.50935,1.6955816,3.3102686,2.5077834,0
-633.2142,38.58626,-0.5112227,2.3564694,5.8653674,3.7610679,1.4605191,1.3948407,3.9299612,2.2593753,1.5757244,3.0804343,3.8814604,0
-71.41205,24.74692,-59.857162,-26.730394,-20.419188,-16.926552,-19.785658,-9.465377,-15.531421,-11.42324,-11.914923,-5.090403,-11.072604,0
-74.77275,25.665262,-60.223137,-26.708387,-12.420486,-16.91237,-21.44628,-9.808365,-14.808665,-12.921763,-11.804515,-5.108564,-9.910895,0
3.9725225,66.513855,-87.27559,-20.807087,-18.345259,-10.007982,-15.372776,-1.6942745,-14.999872,-7.1570034,-11.77843,-4.106793,-6.7378426,0
-592.9441,9.462008,-4.5854897,-2.4102693,0.5819149,-0.51398695,-0.9522851,0.3318033,-0.119973846,0.99267054,0.6626234,2.2398555,1.6335018,0
111.51855,65.30611,-56.339413,-2.1782248,3.1398418,-13.460557,-12.11427,6.1431017,-2.5611541,5.293513,-3.0293016,0.027574169,-3.2532027,0
-357.966,186.38281,35.73499,4.575515,26.955439,15.252914,-2.183042,-0.87696564,1.3457673,0.085855566,-0.3624472,-2.1150484,-4.097394,0
-450.67355,141.15762,-13.059294,13.131429,-4.103126,2.5481508,-2.216967,2.833082,-2.8506312,3.8752325,-0.4477962,3.609262,-0.19244073,0
-416.69186,128.1719,3.5635715,4.2731004,-0.30166703,2.3846064,-1.1928726,2.226711,-1.6205826,1.8762811,1.0505693,1.659411,-1.4945598,0
-427.40176,148.75256,-8.955398,-2.6386435,9.947247,1.8199818,-1.8277674,3.2153325,-0.5127045,1.1586419,4.461349,3.5544045,-0.7507571,0
-450.18915,167.18146,12.556467,-3.5214324,9.126917,4.0182776,-1.768828,-1.1846871,-1.1269605,0.90392077,1.7223766,1.6140362,0.057746973,0
-272.3848,44.51946,-68.36464,-5.720071,-3.0781558,-4.002356,-2.2551274,8.865976,1.1793413,0.6489417,0.7226006,3.152397,-2.1897528,0
-186.79816,40.673027,-74.87315,-5.5067487,-7.45757,-6.8601255,1.3269002,9.645973,-1.0251681,-1.0548824,-0.1676838,2.6744769,0.08881062,0
-251.68422,60.8683,-78.46167,-3.9042883,-7.3738456,-8.024513,-1.5837901,12.898211,-0.6592726,-0.019251805,0.54408354,1.1248088,-4.2570553,0
-40.016747,62.038177,-24.96852,-7.234889,-25.705227,-10.895914,-13.407559,-1.3400509,-4.326946,-0.5582721,-14.869942,-3.0800822,-10.400839,0
-52.726974,67.975655,14.656684,43.175274,11.80192,17.616669,5.59981,2.5692396,-3.8420572,-6.185114,4.470804,3.8065224,4.02873,0
-503.68362,61.267853,7.7645965,7.879945,8.653937,23.463982,23.260223,20.806612,5.2411027,6.9355283,-0.2805362,5.288384,6.259891,0
-425.6986,5.7897396,-46.019356,13.8781805,-29.686213,-9.545829,-6.0724077,-1.3260088,-3.6495152,-2.3253148,-10.604959,-4.246539,-12.625802,0
-166.53787,126.513176,34.04935,42.28055,6.7253404,33.316826,7.121491,22.324278,2.9038436,1.05972,1.7096623,2.2183425,-4.3346424,0
-472.8758,104.96415,-11.536509,28.251095,0.42963165,13.362682,10.014705,16.524145,16.823795,16.096012,5.3163505,13.882504,2.8029768,0
-321.96103,85.46048,-11.9929,0.21460155,12.028849,22.298046,0.4229884,10.671557,0.079228394,-12.309086,-28.228268,-15.037477,-2.6890514,0
-472.30313,73.075424,17.27358,21.489168,8.868206,12.204477,2.6936815,4.4455986,-3.759139,1.2975469,-5.5659795,-2.5814846,-3.192919,0
-473.4198,80.25127,16.862804,24.364895,10.970563,14.055089,2.0180848,2.7770002,-4.095664,2.3923283,-7.041922,-2.3777835,-2.4388447,0
-180.78568,110.76819,-48.087444,11.564997,-14.817709,-14.555114,-10.296705,4.7722025,13.128068,10.58758,-18.667404,-24.642479,-26.207125,0
-233.18983,111.885475,-27.138178,2.5655713,-16.320415,-17.552727,-17.501156,-8.331403,1.3747469,10.286039,-1.3839103,3.7019563,-3.2453737,0
-87.88847,-7.693087,-33.776142,54.55232,-31.543762,15.882125,-15.820409,-10.09682,-1.0471189,15.977265,-3.4196024,19.258368,4.435821,0
-352.52582,42.20959,-19.880693,26.843601,-6.1219788,17.77572,4.970305,5.9369273,11.645332,9.500582,10.857254,12.104623,5.285633,0
-195.21596,117.39102,46.596706,69.86016,8.608785,31.716305,9.354334,2.9152763,-0.3008177,7.69348,-2.131128,3.9460123,-2.199245,0
-304.0861,14.695414,-54.266247,-18.634407,-24.166471,3.990624,-11.840517,-0.21826313,9.040762,1.6353579,19.679052,1.9374976,0.9476471,0
-342.03235,72.80949,-21.291744,-10.49786,-10.730397,-5.4510574,-15.421182,-11.279409,-11.125874,-5.137026,-10.204556,-6.79671,-13.345333,0
-331.14093,63.266136,-23.52611,-9.54402,-9.821583,-4.541414,-11.663851,-8.7941675,-11.062598,-2.1952348,-9.593032,-4.6274734,-9.5897255,0
-325.00073,71.31083,-32.79228,-8.503538,-8.058596,-4.6824627,-14.04289,-8.502126,-11.589514,-2.0970063,-7.3181844,-4.2012014,-9.336155,0
-303.82773,74.976654,-34.8174,-11.046591,-8.399273,-7.300971,-17.791636,-9.672422,-10.938842,-2.1194072,-9.907789,-6.6876335,-10.971143,0
-278.7851,87.196045,-12.814278,2.2073424,-14.069967,-6.943733,-20.5068,-18.551695,-16.048267,-10.848509,-20.216461,-14.519189,-18.49076,0
-372.28293,69.66543,-15.297403,-8.860641,-8.058912,-4.250879,-10.76182,-5.7594953,-9.225885,-2.067679,-7.174284,-2.859441,-8.858507,0
-381.2327,15.589906,-32.30907,20.015903,15.195337,5.8537807,9.735702,18.039957,6.5325966,-2.0385034,4.1339173,12.986525,-2.2586741,0
-385.74335,29.356771,-23.360432,26.10405,20.498142,9.754087,12.0228405,22.912455,6.4933186,1.0039406,4.520513,10.750065,-2.1827674,0
-326.6286,102.77312,-22.247335,-0.8102378,-0.017558493,5.3290377,-4.331085,-6.4936233,-7.987275,5.5510306,-1.9982821,1.6797211,-2.1772623,0
-378.22058,123.25716,11.408172,8.42642,1.8027095,1.9495076,-9.820276,-6.3895965,-14.38691,0.9942631,-2.5095363,1.9858664,-6.147835,0
-334.1203,36.780064,-6.732006,16.358902,5.0034337,6.0524406,1.2957896,-0.020484487,-0.26975518,4.115957,-0.25372586,0.45018366,-0.3941567,0
-695.8273,14.458232,6.4025574,9.264254,-0.25481883,1.7882274,4.1985693,1.8074652,0.35484913,0.13191715,-1.1448053,0.43939096,-0.7151633,0
-280.2003,26.344954,-22.223969,31.004404,-1.8110044,14.980416,3.1634564,7.399834,7.6439295,2.8972363,3.022598,9.371054,6.5569887,0
-528.03,24.847624,-7.018061,14.132978,0.5225702,9.139608,14.417895,10.184661,1.8542147,0.19324936,-0.5349111,7.637214,3.5320392,0
-520.24744,12.306731,-10.608711,2.0329459,0.19546002,0.35252362,0.20778106,2.0750308,-1.2673339,0.50485986,-0.11939672,0.41353112,-0.77774256,0
-269.5948,58.456432,18.835234,35.811398,22.722408,-2.6670291,19.074001,6.567927,-6.45774,5.7217317,-2.1185591,4.0649033,5.74153,0
-21.096457,41.360695,56.808674,16.68598,17.540869,5.528735,-2.034518,17.725908,-4.996744,7.333008,1.3701942,4.179578,-0.06070607,0
-36.936054,51.270447,60.23129,19.937428,18.875689,3.466088,-4.67347,12.806749,-4.282733,6.5636272,3.8748908,1.9053699,1.9725126,0
-59.827515,70.88877,40.177135,17.42967,23.19436,3.7678137,-9.611376,20.512873,-1.9692391,7.927759,2.7825546,4.945456,-2.4070745,0
-49.45048,66.38017,22.27973,2.94374,34.945637,10.29018,8.36394,11.808981,3.0574048,9.477522,-1.285794,3.1291904,-2.6740334,0
-80.42542,91.93875,21.046928,12.68163,32.43966,9.06176,10.31139,15.432698,2.6387286,6.885884,2.4667964,-3.3758938,-0.39634135,0
-21.56001,97.79305,-0.42917794,-13.910918,14.853177,15.556398,8.688797,16.400429,4.5562015,10.135737,-3.47987,-3.1429887,-3.055568,0
-333.92313,106.60277,27.27649,19.675411,-10.150692,-8.089629,3.249178,10.524755,1.2464786,3.020179,4.9755435,1.5228444,-3.9108996,0
-34.604553,2.4367373,-38.017185,18.286932,9.360275,10.8174715,2.1240153,15.145207,-2.9897492,4.5581822,2.1902342,5.7062454,-5.9256306,0
-209.92676,37.78311,-1.1679972,23.591137,4.9849167,0.90123045,6.490014,9.066784,3.931241,13.103035,7.641981,9.656743,-0.43791753,0
-208.30556,58.95635,-12.357952,-14.409115,-41.870342,-16.680447,-30.749727,-24.449417,-26.249338,-20.603594,-24.610752,-9.823646,-16.110806,0
-337.19904,22.267326,23.958431,15.145165,4.439415,8.828942,-0.585784,1.362414,-3.6350467,2.4338841,-2.2882695,3.0807161,-3.6321657,0
-282.59543,70.85797,16.672901,35.346878,16.571043,20.8466,11.378196,25.11376,10.28774,9.5470085,8.152708,16.608818,9.073538,0
-332.93985,75.60878,21.606972,40.150246,18.078766,20.442682,13.9144745,23.637566,10.762634,12.1958685,8.042683,12.889097,4.9754205,0
-503.95786,43.574345,-5.7218733,10.301797,-1.8015155,-1.1955858,-3.6132817,2.9679234,4.405308,6.3580337,0.3643771,-0.017758364,-2.6269975,0
-150.92851,95.86427,-80.30145,31.684135,0.8449332,-13.904812,-58.111908,-10.561872,-12.805931,2.4145286,4.7467446,-9.881316,-3.0852563,0
-382.11414,91.169464,-8.694989,-5.628032,-16.64097,-8.294191,10.979295,8.223552,8.980571,9.191545,-1.3172691,0.2954853,0.0021181775,0
-337.9839,67.42659,-6.190226,-10.928126,-20.18201,-15.262857,7.2228756,14.540754,12.6276245,10.541213,2.948033,-1.350889,-4.475906,0
-132.82768,172.84435,-41.363785,42.416904,-25.149557,9.362542,-20.270958,-9.297595,-15.794234,-8.0635195,-8.764835,1.6680698,-6.8080497,0
-121.419235,174.32004,-29.45753,34.497955,-18.62383,3.4884834,-13.774165,-7.4298944,-12.073245,-6.11947,-11.321556,1.241781,-9.50442,0
-172.96461,112.57404,-23.415726,24.182083,-1.6665115,21.174248,4.694337,14.802091,-0.59523135,10.373865,8.387444,9.251913,2.3034306,0
-192.15407,144.24191,-17.299093,21.679817,2.2772684,26.849447,3.6254036,12.880592,9.710292,8.868052,9.10844,10.545757,2.628111,0
-288.66373,128.35443,-17.976002,19.508911,-2.4176748,22.02007,-1.9617279,-5.710389,-0.11663641,9.87233,-8.986634,-4.7736473,-12.008224,0
-675.03174,27.138248,12.279423,5.908219,3.388014,0.9607632,3.8749185,3.6231782,1.7222173,4.9334373,5.2658105,6.46917,1.5911907,0
-257.04166,91.042915,-7.29655,1.0464244,-18.56488,11.181716,-9.317428,4.9595323,8.937105,2.8853598,-4.1020603,-4.069395,-1.5550047,0
-135.34459,89.19077,-92.21914,37.527237,-20.128035,23.61255,-8.63745,5.2142816,2.0932958,-9.528347,5.378465,4.3772564,2.274782,0
-122.48867,73.83116,-73.39736,23.21658,-10.557144,6.007667,0.5992902,-2.01306,2.17505,-5.107684,2.731691,9.468912,5.822086,0
-180.90442,114.54999,-78.63357,29.026016,-2.511267,38.10019,-13.437882,-4.8856907,5.9148827,-7.980174,4.9537354,8.230251,6.978401,0
-160.03598,40.408123,-11.58555,9.591034,0.7167797,7.392191,5.697261,11.353256,6.7000065,10.265502,2.1272998,9.273474,1.6105388,0
-461.16998,23.121058,3.3170419,2.5422487,-0.27301002,-0.02171593,1.5598733,-1.7486422,-2.33278,0.8531113,-0.4391153,3.7951753,5.179156,0
-540.05194,12.635512,-10.065556,4.717163,-3.6409209,-0.6694244,1.0618851,-4.176411,0.7160683,2.1315498,-1.6997141,0.063990876,-1.1031914,0
-826.2469,13.532597,-0.037438896,2.9028692,-4.055892,-2.0191708,1.650849,0.14046122,0.9728102,1.7986987,-0.5818346,-0.7072902,-0.2977023,0
-467.5838,25.282946,-0.030978257,3.2776797,-3.8980737,0.4258559,-0.56662124,-2.64364,-2.079644,-0.6595316,-3.9233236,0.102990314,-2.2055535,0
-220.8965,113.86766,-37.365665,39.482483,-7.931149,-15.32281,-10.295144,2.0512266,-3.6067886,10.118729,1.2161852,0.7977656,-4.9282427,0
-180.58412,112.41487,-55.64548,38.739532,-2.2064972,-7.924934,-3.003185,10.3249235,0.16821678,16.236303,-9.190445,-2.745349,-5.602379,0
-147.70103,43.451317,-11.960653,5.826992,-4.306507,5.832841,-1.6196871,-7.9907966,-3.4873714,-5.8459187,-7.4742236,-6.690859,-12.99955,0
-50.987274,51.49077,-9.697482,15.577854,3.4507754,12.389522,0.09240422,0.10677615,-0.6365357,-3.2957284,-13.849217,-12.142437,-16.076088,0
-73.36465,44.256107,-3.3147323,12.07082,-7.4158564,4.7922773,-3.0776262,4.353559,5.9734235,-1.761129,-11.963095,-13.479309,-14.281891,0
-130.8604,78.61953,7.800774,8.350322,2.3412373,7.7629323,-18.499079,8.109218,-5.829224,-0.11320024,-12.826397,-4.042872,3.9252148,0
-49.27359,55.522877,-15.15973,-5.196047,-1.3523089,2.115677,-12.748296,2.3584795,-13.548505,-2.3342407,-14.098147,-7.0079494,2.0984776,0
-94.554504,61.256016,-12.966076,-1.8907622,-1.080199,-0.92484057,-13.073802,2.1409068,-10.257828,-6.7564077,-15.285519,-4.3093605,5.7302914,0
-296.53723,31.88038,12.540399,12.120707,5.765784,7.1695423,3.6790302,6.6414537,0.23474953,4.101286,0.9086142,3.559984,1.758085,0
-221.89339,98.50488,17.903858,3.075942,16.380594,6.961058,-1.4827652,2.867481,-14.94846,-8.561052,-11.1179,-2.5873554,-15.054824,0
-424.36206,62.944542,25.189058,39.599087,20.227695,19.4683,15.322962,17.17841,12.141345,3.7117956,6.669862,7.665377,-0.66340625,0
37.712654,33.96379,-28.885565,-6.289017,-21.791988,-6.2365003,-14.505921,-6.492511,-13.586983,-5.374667,-13.804927,-12.230915,-7.435023,0
-5.046051,104.511246,-22.673063,4.3964105,-31.91618,4.1953955,-15.092796,-14.747378,-16.569592,0.9720271,-15.297026,-8.042601,-9.674839,0
-42.863644,35.9075,-23.129375,9.300063,-25.255713,-2.094517,-7.6515903,-11.917092,1.5531492,-8.920662,-9.461082,-4.0213428,-11.918793,1
-595.34973,38.143124,-3.1999135,16.213375,11.574162,4.275606,1.369987,9.157128,1.3607951,5.337438,3.6334414,5.4367123,-2.584096,1
-246.57378,89.25064,-39.958733,-0.69858533,-10.839349,-30.27681,-1.4763855,5.3035345,-6.5086117,9.990399,-17.740557,1.4469224,-2.670932,1
-195.39836,66.85425,-68.405556,38.504883,-75.62348,28.886097,-33.304195,25.093039,-27.359524,18.392473,-22.96946,8.471036,-9.337792,1
-100.09545,106.37113,-32.219975,11.958722,-12.837769,1.5291337,-14.510982,-0.8270154,-5.5660353,-6.452314,-6.9180107,4.385375,-7.1489625,1
-283.201,80.60436,-21.084188,15.767832,-16.305416,-15.724034,-21.016874,-0.54884493,-1.7336422,-6.3081036,-4.891509,-9.840377,-8.453828,1
-264.55508,154.48122,5.0729103,6.911485,8.523186,-8.652209,-6.8639264,-11.741238,-10.730123,-0.6416569,-7.6932716,7.225892,-14.307919,1
-106.30522,-2.2796772,-17.138239,-1.8078681,-13.884262,-6.657337,-8.048059,-7.2739687,-9.467194,-4.12317,-12.461776,5.1760736,-4.4980564,1
-266.21368,140.37276,19.269842,44.738934,0.8596658,-11.661791,-24.373302,-5.405986,-1.1584318,9.618899,6.6852436,8.719268,-2.6964066,1
-306.33047,82.35442,4.687882,16.953218,-3.422026,1.1436259,-2.6965005,3.9898534,-5.8090177,1.3297114,-3.4591155,3.3468468,-4.5339556,1
-336.94034,103.94298,-17.442474,17.005741,-10.998132,8.15528,-3.5717971,3.7009056,-8.828724,-0.22474593,-3.87414,0.18885784,-8.356769,1
-219.46602,25.866531,-25.552147,-2.5759673,-51.49697,-16.223476,-10.2137,-14.385883,-6.218088,-14.446101,-1.1300046,2.6682677,-9.803789,1
-78.71313,103.545006,-9.587469,10.622877,1.0407659,-1.0539743,-2.7886624,-4.8676915,-4.065035,-6.707241,-8.058596,-6.5157127,-7.8379464,1
-44.872276,39.55288,-27.98432,6.763339,-0.51239985,5.443489,-0.86319846,4.4580264,1.4471519,9.70535,-1.5715641,1.0672598,-2.7433877,1
-122.332405,112.42091,29.12543,24.01778,-2.5444672,5.1656356,-3.227676,-3.747568,1.362305,-8.50885,-6.850225,1.2480047,-2.9272597,1
-126.25194,83.38292,-12.269216,21.722467,-32.084003,1.1379961,-9.386326,-5.445384,-1.9676837,-11.919784,-13.107568,-16.453745,-5.509455,1
-161.78659,118.55837,-12.387554,17.868479,-21.952852,-19.888153,-20.114464,-15.360135,-12.821935,-3.392194,-17.173262,6.2594924,-4.194696,1
-127.45601,100.12362,-10.855675,42.922592,-7.606284,16.32946,-10.673305,10.553941,-11.292984,7.2615237,-9.00245,8.632743,-11.635786,1
-116.24619,78.33604,-24.05776,8.711889,-15.414903,8.109081,-5.698087,2.508374,8.379337,2.9442997,-5.7486515,0.6777885,-3.4130619,1
-190.07283,100.496956,10.659966,13.04799,-9.68203,-2.4793,-17.116264,-3.7475197,-4.487382,4.3288574,-6.4301357,-6.9558663,-17.452332,1
-396.46985,123.00925,-16.38488,5.6052847,-12.200306,-14.777232,-20.38605,-15.479487,-18.94383,-13.364618,-13.403815,-7.3743515,-9.868258,1
-74.44553,70.63216,20.5744,32.037563,13.225499,15.206338,6.955516,13.912865,-0.547299,4.4153004,-2.5708833,2.9755478,1.1457611,1
-205.44043,58.224957,1.7494584,13.536394,12.340962,17.735134,7.0694633,13.444523,3.7886457,9.51067,4.6800747,7.1502733,2.07652,1
-272.70996,114.90864,49.331284,-20.62588,26.920933,13.191767,-14.966349,-2.678077,-25.253023,3.364084,-42.084785,1.3199261,-7.6419163,1
-201.70598,146.01613,-72.49869,55.326717,-17.596575,1.5282627,2.5256586,-14.534441,5.539234,-17.556421,-6.913489,-9.084538,-8.308869,1
-19.462442,-73.63473,11.056766,-26.01463,-1.358865,3.9890044,9.020575,-8.09597,-4.643219,-2.6869175,-3.6792166,2.8368719,0.5153989,1
-141.62943,136.7004,-17.57471,49.44172,-9.544748,8.535815,-8.084776,-2.764302,-8.617419,-7.896071,-3.971392,-7.8519745,1.2200431,1
-175.6766,87.85032,-26.005281,15.819392,-24.740324,-2.8030496,-25.051165,-2.7417831,-11.150899,-4.32606,-12.637286,-0.514276,-11.672909,1
-210.22975,74.00428,0.39860973,16.662039,5.180189,-22.195288,-8.713709,-10.412474,-6.6405067,-1.1481723,-9.129992,-9.562392,-8.173714,1
-306.63348,89.37761,40.501694,31.265911,3.3723261,-3.143467,-11.11657,-6.462736,-12.343328,-6.0352182,-8.234123,-3.3635058,-5.6921635,1
-335.94757,22.433578,22.024765,24.528557,5.538973,13.74835,4.526743,12.574413,2.8451638,3.187965,-1.0252975,3.2146914,-1.45683,1
32.754322,71.22651,-39.11406,4.409669,-46.600155,-18.989347,-9.946521,-10.456057,-18.370708,-3.138787,-18.717146,-5.055863,-10.899328,1
-273.79324,87.4553,-33.52978,33.881264,-3.9512577,15.277554,-3.2752616,3.5184,-2.058108,0.16876687,-4.636493,-1.8330908,-4.8895297,1
-24.06721,72.67394,-25.87255,2.5975504,-9.552093,4.132877,-9.696451,3.793882,-10.685202,-3.2576573,-9.727718,0.96668833,-7.2265377,1
-231.92105,49.01383,12.785771,16.374115,6.3291273,9.820083,2.399098,8.844446,-0.9638524,4.8148437,-3.7545252,-0.9302106,-4.708901,1
-242.81459,-33.675613,-32.617176,-12.676141,10.124336,1.4571564,-18.961102,4.6718245,5.6056004,4.57455,-6.281129,3.2699947,1.9096602,1
-293.28046,97.58776,-18.904133,48.982944,-8.153996,34.246685,-13.651237,15.927828,-23.867752,-1.4042447,-1.8800814,5.9163446,-11.9555,1
-509.19257,-9.456637,8.10964,-7.748598,5.7559886,-4.423213,4.130796,-2.6464677,0.68551314,0.7272031,-1.5572926,2.268355,-2.6736445,1
-98.21427,81.44547,12.924407,12.119609,1.0939875,-16.277119,-23.288115,-5.4754987,-11.8152075,-5.933368,-14.247618,-4.556024,-10.379616,1
-93.59192,88.682175,-29.911892,28.853777,-7.734184,4.4178553,-4.307573,2.269094,-0.1983956,1.7752266,-1.6700156,-1.0522192,-8.322238,1
-92.9669,95.66354,18.572355,23.911533,15.092837,10.99719,-1.1397834,8.006,1.0473256,12.220022,0.7026907,-1.2146801,-4.397195,1
-193.69553,69.04167,0.03466505,-1.9599819,-4.455306,-1.624018,-15.383343,-0.4790285,-5.156917,1.3342961,-7.950441,-4.013733,-12.778936,1
-256.48502,150.41962,-129.46548,58.174103,-22.581207,-29.544748,32.756104,-34.088314,1.9390212,-0.97072977,-14.373096,15.279425,-18.36513,1
-332.09143,126.5412,-91.31501,20.709326,-17.441345,5.312643,-7.623154,2.697584,0.0066208565,1.2594504,-4.0516663,2.048636,-0.49946433,1
-325.5598,136.97054,29.916563,40.73468,24.693916,28.943493,16.37223,14.946274,7.8709116,13.370288,10.587639,9.054602,4.615194,1
-143.04825,84.84672,-19.858055,24.709755,-3.5456994,-0.20609711,-3.0392797,-3.643905,0.48080358,3.1838427,-3.9511497,1.7565795,-7.158177,1
-190.08377,83.53932,-0.9106189,23.263302,-10.982782,-4.4314904,-7.606402,-8.340272,-16.177567,-10.947649,-6.7178354,-12.153697,-7.249441,1
-168.10788,115.77217,-41.93097,47.503853,-41.339256,3.0607316,-28.78005,-14.261448,-29.454586,-0.5790476,-15.050386,-16.469387,-21.152382,1
-432.14426,69.49885,15.770409,20.83325,13.325481,11.2039585,2.6257608,11.927016,1.1851227,8.887125,-2.3559337,8.116488,-0.1254375,1
-128.65605,78.55568,-31.979424,-0.003345611,-12.279023,0.6043969,-16.23,4.338544,-20.333422,-17.08355,-18.061218,-18.374498,-1.7939894,1
-76.500565,34.90444,3.6007833,66.89331,-0.77632636,-5.523026,-25.82174,-22.513603,-19.772556,-7.336862,-11.202844,7.0260777,-2.3985782,1
-427.29938,40.91935,-36.19616,47.35664,-11.825954,-17.06766,-5.6544237,-14.985345,-8.376214,1.7228166,-10.443548,-5.657672,-0.7906395,1
-248.40811,73.03457,-83.4515,33.39171,-31.22965,-30.289152,6.467814,-18.044886,2.982044,-7.651181,-4.652848,7.861792,-10.113804,1
-335.49896,18.67512,-47.931454,-42.450577,-36.873455,-33.30489,-30.143536,-4.400471,22.488016,4.618343,28.127808,-6.3284283,8.94608,1
-89.756645,94.35541,-37.17164,12.466671,-5.746348,-14.799817,-12.919528,-13.109642,-2.3605597,3.7091274,-18.61529,-0.6588196,-1.0240288,1
-15.633433,74.13347,0.4286009,29.101128,5.051561,10.768056,3.1137178,11.858515,0.51342094,7.7056413,5.537405,9.76012,-1.1223984,1
-48.991188,53.941998,-11.9754925,20.267633,-3.8092422,10.33623,-0.3416837,10.096594,-5.9246135,5.5466332,-10.936867,1.5504667,2.4723358,1
-138.86082,81.91113,-25.440598,1.4745618,-14.155659,1.0965382,-4.415329,-2.9378402,-14.126467,-3.6534622,-8.734737,-1.5487937,-2.3500872,1
-165.03856,144.6557,-79.982155,2.6302762,4.4231935,-18.991802,-8.399526,-9.712331,-12.147525,-1.6719481,-15.836768,6.57701,-11.390316,1
3.0774772,67.882355,-3.6757972,28.72387,-2.4186034,12.6043005,-4.4076905,5.6532664,-1.3049643,2.9453697,-3.6269426,1.7279398,-4.739672,1
-122.70163,114.32605,7.2897854,13.453793,1.2564807,-2.1953897,-10.335395,-7.6541085,-9.453643,-5.1400104,-0.9889175,2.254087,7.063061,1
-178.77,44.747345,-20.736698,0.77855766,-13.819168,-11.058023,-7.1384854,-9.374016,-6.979625,-1.8253168,-11.44581,-9.737976,-13.011442,1
-120.810234,141.27318,-41.01103,55.34665,-34.412,24.745647,-15.54164,11.453137,-2.895575,-6.955824,4.690907,-13.715783,8.234812,1
-268.47156,145.06972,17.333351,21.813822,-1.9213781,-1.2527498,-12.528411,-5.9895835,-13.862477,-5.207651,-13.850488,-6.481327,-10.812249,1
-61.51386,80.88875,-48.133728,-4.445764,-25.253033,-5.480169,-20.658184,-4.506348,-12.820985,-0.31814805,-6.777137,2.0974276,-6.4332166,1
-126.23076,41.753757,-24.933651,-1.0085453,-7.194116,2.3797278,-0.06805126,-3.8225393,-8.403942,4.8506227,-9.205365,-2.4762025,2.9018035,1
-494.44067,105.827576,7.687059,0.019745614,-25.712566,-6.695389,-11.91565,2.0454378,-1.5724778,8.697863,-1.0816071,6.7322946,1.3006275,1
-134.7014,88.49065,-42.05586,-0.7981392,-18.80625,-6.534213,-20.995872,-0.968234,-8.847944,-0.09541535,-6.0012307,-6.151863,-9.560169,1
-203.51208,163.69891,4.306248,28.557587,10.773916,15.485394,-5.8433194,-1.8050356,-5.952664,0.591018,1.8765687,-0.7378702,-5.8311725,1
-125.974335,170.61122,-76.9824,36.05771,-43.667725,6.8416686,4.040579,-1.7912811,12.534497,-5.5645814,7.1918254,-9.50339,8.483585,1
-379.1834,53.402637,-6.282941,13.573716,-2.0062594,8.388424,3.104239,2.078942,3.7168381,1.1311947,-3.5003257,5.235105,3.6457593,1
-174.45769,62.89626,-14.704626,4.3461657,-6.948637,-3.2583537,-14.382833,-3.0264213,-7.417907,-10.755987,-5.8033247,-3.9948583,-5.415505,1
28.602772,45.546577,15.979983,45.52987,5.5672684,18.794216,5.7746634,10.5190325,-3.4711614,-3.0983377,-3.4198246,3.1874704,1.3767968,1
-596.5556,73.69266,-131.20142,17.592709,22.12744,-39.20328,-15.08195,-50.552948,-40.95313,13.240272,1.7879075,3.2189207,10.900676,1
-294.26083,143.47363,-28.997469,43.54781,0.98151237,-0.15380126,31.912987,-1.4380826,10.305085,11.296951,6.6286016,10.754935,-0.20682691,1
-84.54333,45.933693,46.95026,-14.67223,1.5647738,22.799114,-21.107052,30.158918,-30.532242,30.292055,-28.745155,20.219706,-18.629921,1
-242.10005,147.95605,-49.695755,36.908882,-17.675306,-14.853416,-6.082032,-12.415543,-0.062299643,-17.899334,-13.353562,7.1161785,-10.933662,1
-269.76584,130.47916,0.0075535867,28.986496,-1.4104009,4.936675,-13.76051,-2.8984163,-14.089225,-7.3387337,-10.257038,0.5285808,-0.6367315,1
-27.685404,87.54262,-82.329575,-5.439964,-31.004059,-12.032256,-9.049121,-8.432294,-1.5763154,0.84595096,-9.656846,-4.0172133,-9.613637,1
-87.85336,69.42218,-21.600573,-2.801803,-35.176247,-20.388044,-23.373062,-12.16372,-22.176434,-21.128723,-22.881958,-8.748215,-7.5527577,1
-133.74626,206.92601,-151.08522,104.465775,-22.9719,-33.24228,39.871494,-50.414257,13.884747,1.5722995,-29.433283,13.068193,-28.010866,1
-334.14676,156.2138,41.107964,19.386496,4.3157277,-7.4024324,-20.362362,-21.418861,-27.00334,-20.982563,-24.339315,-23.152872,-20.342545,1
38.10902,54.93822,-19.861376,7.9763246,-3.0022976,8.748801,-9.334034,-3.3836436,-10.029644,-4.485614,-10.907276,-7.334855,-10.33714,1
-236.62799,63.918118,-59.130634,54.794075,-40.588135,46.218323,-47.847527,31.798807,-18.100498,10.44478,-6.6996946,1.9714484,10.5662565,1
-149.35216,71.28327,-32.35804,4.2081757,-18.050432,-1.541129,-9.639485,-13.487467,-0.123230465,-5.7528987,-10.330754,-0.0335014,-7.165361,1
-129.73792,139.64659,6.343798,32.849167,20.606789,17.182796,14.465093,9.929811,-3.432408,2.858143,7.479989,8.486653,-2.406404,1
-244.60686,133.20032,20.865433,46.327225,-0.31372148,44.785797,9.977458,18.36257,11.145677,0.07810196,2.1495779,9.685749,2.9067125,1
-505.5216,-6.443567,-4.5735483,-0.42023632,-7.908256,1.2007872,-9.245055,1.977756,0.9188323,-0.72447944,-4.877457,4.2060285,2.6844451,1
-271.08282,99.35414,-57.980103,22.524714,-40.621387,3.5304596,-22.050488,5.5887866,-5.0470953,-3.7518675,-5.9573607,-5.7977595,5.6936526,1
-370.685,29.679575,35.068287,48.919453,-10.543551,-9.354539,-2.7046936,-1.4524524,-8.955354,7.4061613,-8.751673,-2.3501673,-6.3879466,1
-33.256397,107.87687,-8.919401,10.75174,-1.8784257,-5.293774,-9.483658,-3.4169323,-10.066204,1.3795221,-6.5856614,-4.705597,-8.998537,1
114.20442,21.160936,-59.570053,-5.168598,-9.667407,12.628574,-4.745959,-2.1874182,-5.060933,3.6531546,-6.742566,6.5900164,-1.4485618,1
-24.489094,128.1228,-7.139376,29.152473,2.580076,12.996081,3.51431,6.592052,2.3398898,5.7164717,-0.6307684,6.176802,-0.48094487,1
-43.036663,16.788342,-33.877563,9.683638,-26.89535,-6.1287374,-14.887779,-12.724337,-13.501552,-5.2496095,-10.009127,-5.481076,-13.220676,1
-365.03012,74.2598,5.2202473,7.7017426,-4.3001213,3.549398,-2.8582819,6.0406446,-1.1796426,0.2940059,-2.5981607,-0.056916326,-7.5396595,1
-393.95526,168.71478,7.49626,1.953995,10.2501335,-4.61819,-7.582628,0.32085025,-5.769808,-11.034159,-17.83231,-11.943337,-3.906896,1
-230.68805,93.08854,5.3507624,30.55776,2.5395715,-3.9187942,-13.209597,-1.481414,-2.0430534,-12.900019,-8.18276,-4.1955433,-2.8190386,1
-283.53842,62.382774,-3.196059,34.150272,-13.789233,-20.258877,-16.25076,-13.132595,-17.994717,-3.575018,-9.536379,-2.5582616,-7.7441015,1
-152.14682,152.36197,-12.523482,18.263659,-9.198175,10.452079,-5.362193,2.8371377,-7.6534586,2.4185264,-5.975406,3.5240304,-4.5403695,1
-261.43018,101.150764,-48.19401,70.75555,-49.264893,51.4009,-36.85405,30.648886,-17.661108,18.945763,-3.8990257,4.3264894,7.598401,1
-410.95737,82.795784,-10.453907,17.397203,-7.799776,-10.570154,-17.378958,-9.963665,-3.2451835,-6.2809815,-2.1081471,-5.593085,0.18681346,2
-399.20532,60.159878,-12.757764,12.890635,-1.6958085,-3.1637268,-9.354641,-4.3298473,-6.3841476,0.7156772,-6.858433,8.188905,-6.4357376,2
-337.06052,61.647007,-49.24078,0.33671725,-22.566452,3.1574142,-24.031067,-14.129515,-2.0818093,-3.9325252,-9.227996,4.1954865,-11.286663,2
-341.4455,71.68003,-41.017982,7.2768517,-17.486158,-5.4133754,-20.590109,-11.458477,-7.5499587,1.3086333,-11.627049,1.9904273,-8.709309,2
-390.06543,62.642628,-20.12118,10.835396,-11.883303,-3.5753329,-17.345522,-5.491165,-5.9406033,-4.8547044,-15.96752,-0.14922395,-8.574518,2
-335.31638,70.73191,-38.68882,7.655561,-23.833658,-4.4672394,-25.23405,-12.0270405,-3.36714,-7.191691,-16.11395,4.3340073,-14.698501,2
-349.29977,63.36914,-25.799227,14.439029,-14.9897585,-9.82413,-15.659385,-1.5865823,-5.8339543,2.3635411,-15.892538,3.1878765,-10.697685,2
-377.4901,73.06749,-31.419365,5.4121294,-14.717473,-2.454848,-22.378582,-5.8198,2.0166485,-4.6827774,-14.52303,2.8671782,-13.650171,2
-380.30835,64.59004,-27.178701,-3.3160486,-18.980167,6.7236147,-28.848396,-13.61318,-1.7565615,-3.058714,-8.678075,8.693276,-13.473835,2
-353.40698,59.06181,-27.37643,6.3985486,-17.5103,-7.5841894,-30.866255,-15.155774,-6.931457,-5.2000747,-9.255031,11.058104,-16.375546,2
-406.0095,49.722816,-15.790641,8.173565,-10.5679035,-7.3691015,-24.862886,-13.971487,-4.1883287,-4.7625904,-8.067236,11.204282,-11.264213,2
-354.0659,48.33235,-20.78282,5.508567,-11.413955,-9.277637,-35.10713,-14.326882,-12.22911,-1.3041086,-11.557806,8.053467,-10.561406,2
-388.71396,55.860344,-34.93893,13.29966,-14.947883,-7.2312665,-20.915304,-7.0286827,-2.9608803,-1.1716685,-8.499842,9.859877,-10.216942,2
-345.61328,65.3095,-39.030205,18.483063,-17.460598,-14.019408,-31.468973,-14.9947,-5.5122848,2.152142,-12.31217,9.901319,-14.021775,2
-393.6101,51.459675,-15.40318,18.356043,-20.819403,-8.152984,-27.014076,-13.731848,-4.6042523,0.76169765,-6.2136307,5.2906632,-12.850555,2
-350.62735,52.99701,-40.252804,11.215155,-17.797314,-10.515966,-25.489471,-9.560981,-3.2926106,0.4261497,-10.823595,10.596703,-15.800103,2
-332.1861,54.00749,-19.473104,19.281574,-25.602386,-5.351075,-39.429874,-17.625458,-10.58671,-2.9849782,-12.294389,9.03407,-11.139516,2
-376.47083,34.8374,-24.328026,9.617315,-11.355187,-8.145164,-16.834099,-7.0667777,-5.0941553,-3.9376268,-9.61933,5.555848,-11.115208,2
-359.31195,69.31985,-37.43523,10.625645,-17.342007,-5.1636195,-31.971878,-11.527393,-4.2926393,-5.002938,-12.319001,12.914115,-11.336788,2
-383.8441,48.145336,-25.809649,9.778427,-12.353937,-5.500458,-27.252457,-11.896154,-7.0093217,-2.3026423,-8.664714,11.214654,-9.969733,2
-320.7562,67.354866,-30.392824,13.695429,-19.24279,-10.694984,-29.14136,-14.142026,-7.8862514,-8.476946,-14.115493,8.461414,-12.870786,2
-351.31836,62.293045,-23.993198,7.978121,-13.235352,-5.4347343,-28.80302,-10.0818405,-1.3139735,-2.16378,-9.086418,8.288934,-13.468251,2
-300.2761,59.122456,-48.77452,8.586066,-25.10564,-6.122379,-34.996418,-9.283293,-4.0753727,-8.504358,-13.805763,12.608109,-14.066221,2
-375.674,61.333385,-29.395529,14.402534,-13.163064,-5.2383885,-23.962692,-8.135963,-5.240225,-3.7540035,-9.812576,9.220381,-10.51475,2
-305.97678,58.98536,-34.879745,21.001986,-27.573765,-7.496433,-37.713757,-13.465531,-9.267046,-3.6635952,-15.52772,11.776812,-13.924578,2
-359.12903,51.986122,-41.21331,10.07657,-14.12301,-4.9527726,-26.97261,-8.613405,-2.170868,-6.7125688,-11.27566,8.889098,-17.410042,2
-355.5771,60.147537,-28.935696,12.7208395,-10.869434,-10.166077,-15.09538,2.332479,-2.878621,1.5147123,-9.700248,-3.4746604,-14.616278,2
-351.26596,62.220123,-20.441887,10.340304,-13.582934,-13.031737,-23.027596,-4.5392637,-6.93534,-3.1769009,-10.55632,1.1744771,-17.625206,2
-352.58066,70.68166,-29.669443,12.11414,-10.253421,-13.080364,-31.412455,-8.557475,-0.7889941,-3.0524735,-13.738928,6.270249,-16.71229,2
-385.76395,50.618748,-15.130315,21.29695,-21.748035,-5.275557,-31.959864,-8.5044365,-4.099905,-2.3172586,-8.88269,2.514582,-9.720799,2
-377.7547,34.132988,-21.63921,20.319088,-21.39794,-12.705282,-28.885891,-11.938119,-5.0902653,-0.08961458,-9.144466,5.036239,-12.569792,2
-380.44156,72.40307,-29.367443,12.899232,-19.901152,-1.7765799,-21.241385,-11.579452,-1.6375793,-2.6115088,-17.747793,5.5701213,-11.595598,2
-386.2483,47.87589,-23.112646,10.2839985,-22.503645,-3.2514212,-25.884787,-4.837581,-1.4727998,-3.3560278,-10.702597,2.8435543,-10.995044,2
-343.74536,58.361134,-34.24047,25.139172,-17.447197,-12.768485,-31.807322,-15.023697,-11.826397,-0.23669745,-16.467222,8.675114,-7.1192365,2
-365.00244,50.127495,-24.294437,12.422045,-16.92891,-1.5425166,-23.357822,-10.813225,-6.92905,-0.24236321,-9.684702,6.5305734,-8.859056,2
-261.5223,75.421165,-54.142067,9.525102,-26.136147,0.34753278,-21.03747,-3.6298225,-8.583556,1.5058898,-19.924421,0.9563321,-11.607301,2
-405.04144,36.331253,5.6598477,19.685555,-4.7082095,-0.9069521,-7.373275,-3.998447,-11.903473,2.0836535,-9.914956,-1.4273095,-8.837399,2
-464.4148,17.02011,1.5885043,18.566298,-2.581653,2.4016414,-9.2075615,-0.22092704,-6.7944584,2.6123533,-6.013349,-0.60984164,-5.566344,2
-312.61404,48.820286,8.20842,18.854479,-1.7100605,-0.75114655,-14.332162,-1.8506509,-11.004908,2.436741,-10.881568,-2.60381,-7.943939,2
-340.88953,15.2100725,5.2824383,20.014694,-6.3819923,-2.4702227,-14.4447155,1.2529347,-10.784071,3.0846274,-8.950829,-2.6385388,-5.9516363,2
-261.6241,51.59847,7.6418,27.746883,-13.667742,-0.6833963,-17.217031,-0.7009604,-15.310376,0.45888698,-15.706969,2.7116716,-11.091212,2
-414.7308,101.147896,52.991676,24.016335,15.7972765,11.677034,4.713945,-0.07411437,1.0451096,4.218686,3.4102106,0.6040048,-0.6958688,2
-454.1246,143.97787,75.81402,33.488804,17.392067,5.6252627,-5.582578,-9.135959,-5.3635335,1.127434,2.096176,1.0361136,0.66768265,2
-441.19547,128.9009,69.077354,33.782833,14.991559,3.391808,-0.69720256,-2.4778364,-3.1273735,-0.6170093,0.33006948,0.4607376,0.8198215,2
-508.42126,119.39315,63.392815,32.304825,18.063288,9.619811,3.3762288,0.104609735,1.6864939,2.5913854,0.53880477,0.46979675,0.8442037,2
-510.6909,159.8054,75.990295,23.12444,7.7485633,7.5363646,3.2770064,-2.1109178,-4.717598,-4.531515,1.2021885,6.874301,4.89412,2
-363.28076,40.578556,16.929771,6.0407786,-17.820442,-7.0017743,-17.289722,-8.345422,-17.267061,-5.145131,-14.6255455,2.797645,-7.3060436,2
-320.50772,30.171633,-6.724756,0.7679442,-21.609816,-0.5254826,-26.239883,-4.550695,-16.472921,-6.1015906,-15.73723,2.475263,-9.083841,2
-469.97632,18.965405,7.2837553,-1.3483397,-8.483088,-1.8881307,-10.446817,-3.757413,-11.951128,-3.9059114,-8.402098,-3.0863862,-5.208868,2
-278.77982,46.450687,-5.778595,4.6885595,-28.63669,-0.71759313,-22.834682,-8.506432,-21.84951,-7.855789,-13.548228,-2.2858684,-7.179484,2
-375.9928,29.080324,6.3348436,12.172963,-18.002758,-6.07993,-19.624323,-3.7586381,-17.711523,-5.2623587,-10.182349,-2.0806153,-2.7730577,2
-452.13406,68.36773,22.049997,24.909304,-8.460875,-12.322954,0.4097817,-5.7112103,-1.7254102,4.5782313,2.6976838,4.5197725,-4.3781877,2
-430.03433,68.148926,20.053808,19.305853,-7.661043,-10.365363,-10.028735,-9.552067,-2.0267255,2.1302109,3.1546397,1.020431,-7.253581,2
-436.88437,72.250114,13.752054,20.997005,2.4306195,2.4366713,8.436665,-1.3336645,-4.868742,-2.585881,-3.8277323,4.960108,-2.8527226,2
-426.63315,57.51109,9.412388,12.387158,-1.1366626,7.1046805,2.1659756,-8.426338,-12.611653,-9.63048,-1.6014633,1.6625899,-4.0019126,2
-471.2083,49.800953,0.039286036,-5.15937,-12.755046,-7.3373213,6.2015867,5.5744596,2.406368,-3.3193989,-2.939742,3.169619,-2.6216602,2
-417.8023,50.414486,-2.1169186,34.577576,-6.3501935,8.770881,-4.213546,1.0916775,-1.9123123,3.0312696,-4.1431465,-0.64280367,-3.7934945,2
-264.85883,93.47417,-33.175648,51.367348,-18.701889,9.009638,-12.258081,-10.694372,-6.3737907,0.28158668,-0.6420625,-1.6637814,-6.8955994,2
-323.69855,86.85343,-12.396121,41.241844,-19.092045,8.306552,-8.634586,-4.594088,-2.0956612,-2.8039742,-5.160088,-0.919543,-4.389578,2
-259.26,93.56527,-23.178734,33.163708,-20.4786,10.702987,-2.8341174,-8.390307,-2.966851,4.861279,-6.739074,-2.0255427,-6.7152753,2
-315.5021,93.071945,-29.74379,51.36246,-12.701173,3.0488544,-10.701894,-7.160663,-1.7616148,0.6879271,-2.5826137,-3.2033408,-3.7614784,2
-350.0606,102.763664,28.075472,8.177623,-0.5793392,-13.528544,-20.25065,-21.754936,-11.14627,-0.57119024,-7.821002,-8.634978,-7.93395,2
-363.45422,106.451584,24.766693,7.0674996,-4.0104556,-10.950176,-16.405615,-19.18683,-12.181508,0.7992694,-5.484021,-6.8348503,-9.106757,2
-293.55865,130.06952,44.777454,12.052985,-6.6082397,-27.267195,-29.15235,-20.745928,-12.480887,-0.51323324,-10.731041,-6.7391663,-10.82763,2
-459.16022,49.536766,16.173613,2.1200151,-1.7332729,-8.236367,-12.004793,-10.419745,-3.7971647,1.5640491,-3.174835,-3.264762,-3.0407758,2
-389.85608,90.98811,27.562553,8.576504,-1.3865054,-15.579772,-18.282673,-12.468151,-10.550375,-0.53840953,-7.823633,-6.7176366,-7.8890686,2
-261.15216,95.69302,-14.464518,45.72001,16.576214,-5.1134243,9.683973,-8.290728,-1.9762512,0.75212145,-5.516915,2.9161863,-6.133083,2
-464.6838,60.924213,-28.645405,36.848625,13.931412,0.9940147,10.157814,-14.499425,-4.542478,-1.2580163,-5.812366,4.248169,-3.3388698,2
-333.52664,92.83226,-1.2479948,44.3659,10.999253,7.0154767,4.243809,-14.917742,-10.785989,-3.7519064,-0.86509794,4.8267455,-5.1329703,2
-286.54373,107.07108,-1.0085243,48.279625,19.08422,4.3218117,5.6008015,-12.467923,-6.006702,-5.3886013,-0.9510352,2.4422781,-8.067761,2
-273.55933,94.63168,-5.5432887,54.331696,15.651355,0.7159276,11.729549,-11.517955,0.8458637,1.1649749,-3.1388366,1.2727731,-5.7505713,2
-294.42572,88.6931,-10.443829,32.609768,14.082451,3.5743852,8.017615,-7.226158,-1.6127901,0.2592964,-4.8812838,1.35965,-2.0474682,2
-354.51538,112.237015,-5.1337166,32.699677,17.669254,-1.1130247,9.756548,-11.90329,1.8400494,3.18039,-4.508884,4.4997463,-3.3826053,2
-283.7042,110.729065,-2.7475286,58.261127,12.768788,10.671892,5.862102,-5.6413608,7.948182,-8.421241,7.4828076,1.1761624,-6.906785,2
-404.7028,86.659615,-14.238688,34.572224,7.227348,2.4985106,4.122634,-4.3328085,5.545671,1.3792173,3.430327,6.0322943,1.3808405,2
-289.24344,121.855865,-19.660872,54.166626,9.492481,6.448872,6.6164455,-5.4932036,9.105817,-6.5669756,5.553715,-0.22179864,-3.778047,2
-373.03235,57.46079,-24.452044,14.854419,-15.253399,-4.614107,-25.499197,-11.910768,-1.5607829,-3.8363895,-10.93794,4.34232,-9.702481,2
-366.0404,52.95269,-28.8502,-2.7091653,-26.064302,5.3945932,-23.743984,-9.248552,3.827911,-5.3116784,-7.136694,4.734634,-13.286665,2
-375.8865,62.34874,-14.670788,10.1798115,-27.108828,1.0146055,-27.916498,-16.653887,-3.3171332,-7.3169317,-7.749308,7.785948,-10.448897,2
-336.34274,61.946735,-34.32736,5.225233,-22.1002,-5.812119,-35.22976,-15.030813,-4.055742,-2.9395952,-12.18629,11.040152,-11.565979,2
-321.4209,54.499043,-38.106503,9.865641,-25.129719,-7.939727,-29.898829,-10.956011,-4.8659534,-5.6903014,-9.629471,9.867236,-16.99952,2
-541.52563,27.838226,-5.620365,9.318774,-6.9146876,-2.3149393,-10.670796,-3.487714,-2.1976411,-2.531317,-3.7074068,5.5002117,-7.883212,2
-359.8774,59.12724,-41.045708,-7.70348,-21.121819,2.763873,-32.615334,-11.73641,1.4948473,-12.072602,-6.6478434,8.727359,-13.717652,2
-315.97717,62.51886,-36.725613,10.885404,-24.626905,-9.704913,-29.493643,-14.453809,-2.1529107,-6.887616,-7.23129,8.381778,-13.787823,2
-388.448,56.332394,-21.629763,16.254599,-15.643951,-12.936487,-34.233803,-12.2768345,-5.516737,-6.5246816,-6.473116,8.81397,-12.069932,2
-319.51428,58.975624,-34.362698,4.452199,-18.524763,-5.418553,-30.236708,-19.079811,-1.4015988,-2.9207547,-7.7037454,7.6311564,-10.0771475,2
-359.8323,71.2485,-32.24071,-1.4443886,-23.916103,0.1878425,-30.470625,-13.659018,-2.0038877,-1.5525471,-12.54311,8.427849,-14.742644,2
-321.17273,59.58718,-45.701836,-6.499579,-21.739084,-0.90995187,-29.258074,-12.691047,-0.3449336,-8.044223,-11.859464,7.3517756,-10.246229,2
-351.66525,62.299786,-38.563484,12.946051,-19.431566,-9.044229,-33.341198,-16.170065,-1.3048836,-7.863773,-7.900218,5.526864,-13.349821,2
-337.418,62.084766,-36.103195,7.086421,-20.845737,-6.5719533,-27.874987,-13.598243,-3.9569263,-5.4772716,-12.261279,8.004304,-13.221776,2
-363.013,66.6895,-32.559322,14.924929,-21.221947,-9.657557,-25.637709,-12.329163,-3.6001117,-4.5525455,-6.998535,4.7578945,-12.965795,2
-437.77982,40.62779,-20.32704,2.1066902,-12.973284,5.375433,-16.584528,-5.572315,2.8535826,-0.31628582,-4.186011,0.9314789,-11.08832,2
-338.64246,54.702415,-20.737537,3.194009,-23.975561,-3.5123847,-27.86227,-13.635845,-2.2101405,-4.2181196,-8.517127,3.0016367,-10.224883,2
-354.80142,64.41146,-21.227125,5.8559127,-25.951576,-4.5860267,-29.838202,-10.868898,-2.4194,-4.333855,-8.314812,4.8523,-12.072979,2
-344.42163,43.22812,-19.657438,11.752345,-18.347113,-9.292184,-33.58668,-13.268241,-3.1513684,-7.025983,-8.807255,9.234905,-13.733753,2
-376.6646,48.189545,-19.822018,13.80514,-14.579164,-11.535205,-27.571905,-5.3788533,-4.4268303,-4.28604,-10.278093,6.853609,-11.952506,2
-383.12866,62.08055,-17.572624,4.7877045,-13.017576,3.9144218,-29.012135,-3.924311,-4.4051147,-4.3717294,-8.103711,6.213984,-12.768938,2
-427.00806,27.230951,-5.127218,1.3415524,-14.317548,-4.2958956,-16.864304,-9.399409,-1.5877001,0.6732145,-1.4719664,6.1560416,-7.6159053,2
-340.3308,68.264305,-29.933075,14.064464,-18.495497,-0.009732095,-30.035995,-6.4412756,-1.3007714,-6.6828675,-10.922472,6.326109,-12.9269495,2
-373.75665,46.916904,-19.352978,16.33073,-17.439913,-13.784861,-31.153809,-6.5976934,-2.5906417,-4.261598,-8.147532,9.957033,-12.106425,2
